# 8MB internal flash, OTA-ready. App partitions must be 64KB-aligned, which
# is why nvs is the standard 16KB rather than larger (ota_0 needs to start
# at 0x10000). The board also has a separate 16MB external W25Q128 for bulk
# data; "storage" here is for small on-chip data only.
# Name,   Type, SubType, Offset,   Size
nvs,      data, nvs,     0x9000,   0x4000
otadata,  data, ota,     0xd000,   0x2000
phy_init, data, phy,     0xf000,   0x1000
ota_0,    app,  ota_0,   0x10000,  3M
ota_1,    app,  ota_1,   0x310000, 3M
storage,  data, spiffs,  0x610000, 0x1F0000
